SessionNumber,Mechanism,GameName,GameDuration
12,HOC,PING-PONG,0.08333333333333333
13,FPS,PING-PONG,0.1
14,FPS,PING-PONG,0.08333333333333333
15,FPS,PING-PONG,0.13333333333333333
16,FPS,PING-PONG,0.03333333333333333
