SessionNumber,Mechanism,GameName,GameDuration
71,FME1,HAT-Trick,0.13333333333333333
71,FME2,HAT-Trick,0.13333333333333333
71,WFE,HAT-Trick,0.13333333333333333
