SessionNumber,Mechanism,GameName,GameDuration
71,FME1,HAT-Trick,0.13333333333333333
71,FME2,HAT-Trick,0.13333333333333333
71,FPS,HAT-Trick,0.13333333333333333
71,HOC,HAT-Trick,0.13333333333333333
71,WFE,HAT-Trick,0.13333333333333333
71,WURD,HAT-Trick,0.13333333333333333
